town_number,town_name,municipality_type,county,status,restaurant,meal_type,visit_date,instagram_url,notes
,Newark,City,Essex,not_visited,,,,,
,Jersey City,City,Hudson,not_visited,,,,,
,Paterson,City,Passaic,not_visited,,,,,
,Elizabeth,City,Union,not_visited,,,,,
,Lakewood Township,Township,Ocean,not_visited,,,,,
,Edison,Township,Middlesex,not_visited,,,,,
,Woodbridge Township,Township,Middlesex,not_visited,,,,,
,Toms River,Township,Ocean,not_visited,,,,,
,Hamilton Township,Township,Mercer,not_visited,,,,,
,Trenton,City,Mercer,not_visited,,,,,
,Clifton,City,Passaic,not_visited,,,,,
,Cherry Hill Township,Township,Camden,not_visited,,,,,
,Brick Township,Township,Ocean,not_visited,,,,,
,Camden,City,Camden,not_visited,,,,,
,Bayonne,City,Hudson,not_visited,,,,,
,Passaic,City,Passaic,not_visited,,,,,
,East Orange,City,Essex,not_visited,,,,,
,Union City,City,Hudson,not_visited,,,,,
,Franklin Township,Township,Somerset,not_visited,,,,,
,Middletown,Township,Monmouth,not_visited,,,,,
,Old Bridge Township,Township,Middlesex,not_visited,,,,,
,Gloucester Township,Township,Camden,not_visited,,,,,
,North Bergen,Township,Hudson,not_visited,,,,,
,Irvington,Township,Essex,not_visited,,,,,
,Piscataway,Township,Middlesex,not_visited,,,,,
,Vineland,City,Cumberland,not_visited,,,,,
,Hoboken,City,Hudson,not_visited,,,,,
,Union,Township,Union,not_visited,,,,,
,Jackson Township,Township,Ocean,not_visited,,,,,
,Parsippany-Troy Hills,Township,Morris,not_visited,,,,,
,Perth Amboy,City,Middlesex,not_visited,,,,,
,New Brunswick,City,Middlesex,not_visited,,,,,
,Wayne,Township,Passaic,not_visited,,,,,
,Plainfield,City,Union,not_visited,,,,,
,Howell,Township,Monmouth,not_visited,,,,,
,Bloomfield,Township,Essex,not_visited,,,,,
,West New York,Town,Hudson,not_visited,,,,,
,East Brunswick,Township,Middlesex,not_visited,,,,,
,West Orange,Township,Essex,not_visited,,,,,
,Washington Township,Township,Gloucester,not_visited,,,,,
,Monroe Township,Township,Middlesex,not_visited,,,,,
,Egg Harbor Township,Township,Atlantic,not_visited,,,,,
,South Brunswick,Township,Middlesex,not_visited,,,,,
,Evesham,Township,Burlington,not_visited,,,,,
,Hackensack,City,Bergen,not_visited,,,,,
,Bridgewater Township,Township,Somerset,not_visited,,,,,
,Sayreville,Borough,Middlesex,not_visited,,,,,
,Manchester Township,Township,Ocean,not_visited,,,,,
,Mount Laurel,Township,Burlington,not_visited,,,,,
,North Brunswick,Township,Middlesex,not_visited,,,,,
,Berkeley Township,Township,Ocean,not_visited,,,,,
,Linden,City,Union,not_visited,,,,,
,Hillsborough Township,Township,Somerset,not_visited,,,,,
,Kearny,Town,Hudson,not_visited,,,,,
,Marlboro,Township,Monmouth,not_visited,,,,,
,Teaneck,Township,Bergen,not_visited,,,,,
,Montclair,Township,Essex,not_visited,,,,,
,Manalapan,Township,Monmouth,not_visited,,,,,
,Fort Lee,Borough,Bergen,not_visited,,,,,
,Winslow Township,Township,Camden,not_visited,,,,,
,Atlantic City,City,Atlantic,not_visited,,,,,
,Belleville,Township,Essex,not_visited,,,,,
,Galloway,Township,Atlantic,not_visited,,,,,
,Ewing Township,Township,Mercer,not_visited,,,,,
,Monroe Township,Township,Gloucester,not_visited,,,,,
,Pennsauken,Township,Camden,not_visited,,,,,
,Freehold Township,Township,Monmouth,not_visited,,,,,
,Fair Lawn,Borough,Bergen,not_visited,,,,,
,Orange,Township,Essex,not_visited,,,,,
,Lawrence Township,Township,Mercer,not_visited,,,,,
,Garfield,City,Bergen,not_visited,,,,,
,Deptford,Township,Gloucester,not_visited,,,,,
,Willingboro,Township,Burlington,not_visited,,,,,
,Long Branch,City,Monmouth,not_visited,,,,,
,Livingston,Township,Essex,not_visited,,,,,
,Voorhees,Township,Camden,not_visited,,,,,
,Westfield,Town,Union,not_visited,,,,,
,Princeton,Borough,Mercer,not_visited,,,,,
,Nutley,Township,Essex,not_visited,,,,,
,East Windsor,Township,Mercer,not_visited,,,,,
,Rahway,City,Union,not_visited,,,,,
,West Windsor,Township,Mercer,not_visited,,,,,
,Englewood,City,Bergen,not_visited,,,,,
,Mount Olive,Township,Morris,not_visited,,,,,
,Lacey Township,Township,Ocean,not_visited,,,,,
,Stafford Township,Township,Ocean,not_visited,,,,,
,Bergenfield,Borough,Bergen,not_visited,,,,,
,Neptune Township,Township,Monmouth,not_visited,,,,,
,Bernards Township,Township,Somerset,not_visited,,,,,
,Ocean Township,Township,Monmouth,not_visited,,,,,
,Millville,City,Cumberland,not_visited,,,,,
,Hamilton Township,Township,Atlantic,not_visited,,,,,
,Bridgeton,City,Cumberland,not_visited,,,,,
,Pemberton Township,Township,Burlington,not_visited,,,,,
,Paramus,Borough,Bergen,not_visited,,,,,
,Wall,Township,Monmouth,not_visited,,,,,
,Randolph,Township,Morris,not_visited,,,,,
,Lodi,Borough,Bergen,not_visited,,,,,
,Ridgewood,Village,Bergen,not_visited,,,,,
,Cliffside Park,Borough,Bergen,not_visited,,,,,
,Maplewood,Township,Essex,not_visited,,,,,
,Mahwah,Township,Bergen,not_visited,,,,,
,Rockaway Township,Township,Morris,not_visited,,,,,
,Carteret,Borough,Middlesex,not_visited,,,,,
,Scotch Plains,Township,Union,not_visited,,,,,
,West Milford,Township,Passaic,not_visited,,,,,
,Medford,Township,Burlington,not_visited,,,,,
,South Plainfield,Borough,Middlesex,not_visited,,,,,
,Barnegat Township,Township,Ocean,not_visited,,,,,
,Plainsboro Township,Township,Middlesex,not_visited,,,,,
,Burlington Township,Township,Burlington,not_visited,,,,,
,Cranford,Township,Union,not_visited,,,,,
,Montgomery Township,Township,Somerset,not_visited,,,,,
,Raritan Township,Township,Hunterdon,not_visited,,,,,
,Glassboro,Borough,Gloucester,not_visited,,,,,
,Morris Township,Township,Morris,not_visited,,,,,
,Roxbury,Township,Morris,not_visited,,,,,
,North Plainfield,Borough,Somerset,not_visited,,,,,
,Summit,City,Union,not_visited,,,,,
,Roselle,Borough,Union,not_visited,,,,,
,Lyndhurst,Township,Bergen,not_visited,,,,,
,Hillside,Township,Union,not_visited,,,,,
,Montville,Township,Morris,not_visited,,,,,
,Vernon Township,Township,Sussex,not_visited,,,,,
,West Deptford,Township,Gloucester,not_visited,,,,,
,Secaucus,Town,Hudson,not_visited,,,,,
,Lower Township,Township,Cape May,not_visited,,,,,
,Millburn,Township,Essex,not_visited,,,,,
,Lindenwold,Borough,Camden,not_visited,,,,,
,Elmwood Park,Borough,Bergen,not_visited,,,,,
,Moorestown,Township,Burlington,not_visited,,,,,
,Little Egg Harbor Township,Township,Ocean,not_visited,,,,,
,Pleasantville,City,Atlantic,not_visited,,,,,
,Jefferson,Township,Morris,not_visited,,,,,
,Middle Township,Township,Cape May,not_visited,,,,,
,Palisades Park,Borough,Bergen,not_visited,,,,,
,Morristown,Town,Morris,not_visited,,,,,
,Hazlet,Township,Monmouth,not_visited,,,,,
,Maple Shade,Township,Burlington,not_visited,,,,,
,Hawthorne,Borough,Passaic,not_visited,,,,,
,Sparta,Township,Sussex,not_visited,,,,,
,Harrison,Town,Hudson,not_visited,,,,,
,Aberdeen,Township,Monmouth,not_visited,,,,,
,Tinton Falls,Borough,Monmouth,not_visited,,,,,
,Point Pleasant,Borough,Ocean,not_visited,,,,,
,Rutherford,Borough,Bergen,not_visited,,,,,
,South Orange,Village,Essex,not_visited,,,,,
,Dover,Town,Morris,not_visited,,,,,
,Washington Township,Township,Morris,not_visited,,,,,
,Delran Township,Township,Burlington,not_visited,,,,,
,Dumont,Borough,Bergen,not_visited,,,,,
,Hopewell Township,Township,Mercer,not_visited,,,,,
,Holmdel,Township,Monmouth,not_visited,,,,,
,Weehawken,Township,Hudson,not_visited,,,,,
,Springfield,Township,Union,not_visited,,,,,
,Denville,Township,Morris,not_visited,,,,,
,Cinnaminson,Township,Burlington,not_visited,,,,,
,Madison,Borough,Morris,not_visited,,,,,
,New Milford,Borough,Bergen,not_visited,,,,,
,Wyckoff,Township,Bergen,not_visited,,,,,
,North Arlington,Borough,Bergen,not_visited,,,,,
,Franklin Township,Township,Gloucester,not_visited,,,,,
,Readington Township,Township,Hunterdon,not_visited,,,,,
,South River,Borough,Middlesex,not_visited,,,,,
,Warren Township,Township,Somerset,not_visited,,,,,
,Pequannock,Township,Morris,not_visited,,,,,
,Clark,Township,Union,not_visited,,,,,
,Robbinsville Township,Township,Mercer,not_visited,,,,,
,Tenafly,Borough,Bergen,not_visited,,,,,
,Haddon Township,Township,Camden,not_visited,,,,,
,Phillipsburg,Town,Warren,not_visited,,,,,
,Mantua Township,Township,Gloucester,not_visited,,,,,
,Asbury Park,City,Monmouth,not_visited,,,,,
,Highland Park,Borough,Middlesex,not_visited,,,,,
,Metuchen,Borough,Middlesex,not_visited,,,,,
,Fairview,Borough,Bergen,not_visited,,,,,
,Branchburg,Township,Somerset,not_visited,,,,,
,Ramsey,Borough,Bergen,not_visited,,,,,
,Hammonton,Town,Atlantic,not_visited,,,,,
,Hanover,Township,Morris,not_visited,,,,,
,Middlesex,Borough,Middlesex,not_visited,,,,,
,Verona,Township,Essex,not_visited,,,,,
,Hopatcong,Borough,Sussex,not_visited,,,,,
,Edgewater,Borough,Bergen,not_visited,,,,,
,Saddle Brook,Township,Bergen,not_visited,,,,,
,Collingswood,Borough,Camden,not_visited,,,,,
,Roselle Park,Borough,Union,not_visited,,,,,
,New Providence,Borough,Union,not_visited,,,,,
,Harrison Township,Township,Gloucester,not_visited,,,,,
,Eatontown,Borough,Monmouth,not_visited,,,,,
,Clinton Township,Township,Hunterdon,not_visited,,,,,
,Woodland Park,Borough,Passaic,not_visited,,,,,
,Little Falls,Township,Passaic,not_visited,,,,,
,Berkeley Heights,Township,Union,not_visited,,,,,
,Ridgefield Park,Village,Bergen,not_visited,,,,,
,Cedar Grove,Township,Essex,not_visited,,,,,
,Red Bank,Borough,Monmouth,not_visited,,,,,
,Florence Township,Township,Burlington,not_visited,,,,,
,Lumberton,Township,Burlington,not_visited,,,,,
,Oakland,Borough,Bergen,not_visited,,,,,
,Pennsville Township,Township,Salem,not_visited,,,,,
,Florham Park,Borough,Morris,not_visited,,,,,
,Woolwich Township,Township,Gloucester,not_visited,,,,,
,Haddonfield,Borough,Camden,not_visited,,,,,
,Upper Township,Township,Cape May,not_visited,,,,,
,Freehold Borough,Borough,Monmouth,not_visited,,,,,
,Somerville,Borough,Somerset,not_visited,,,,,
,Glen Rock,Borough,Bergen,not_visited,,,,,
,Hasbrouck Heights,Borough,Bergen,not_visited,,,,,
,River Edge,Borough,Bergen,not_visited,,,,,
,Guttenberg,Town,Hudson,not_visited,,,,,
,Bound Brook,Borough,Somerset,not_visited,,,,,
,Wallington,Borough,Bergen,not_visited,,,,,
,Bordentown Township,Township,Burlington,not_visited,,,,,
,Ringwood,Borough,Passaic,not_visited,,,,,
,Bellmawr,Borough,Camden,not_visited,,,,,
,East Greenwich Township,Township,Gloucester,not_visited,,,,,
,Ridgefield,Borough,Bergen,not_visited,,,,,
,Gloucester City,City,Camden,not_visited,,,,,
,Wanaque,Borough,Passaic,not_visited,,,,,
,Westwood,Borough,Bergen,not_visited,,,,,
,Ocean City,City,Cape May,not_visited,,,,,
,Pompton Lakes,Borough,Passaic,not_visited,,,,,
,East Hanover,Township,Morris,not_visited,,,,,
,Franklin Lakes,Borough,Bergen,not_visited,,,,,
,Totowa,Borough,Passaic,not_visited,,,,,
,West Caldwell,Township,Essex,not_visited,,,,,
,Little Ferry,Borough,Bergen,not_visited,,,,,
,Chatham Township,Township,Morris,not_visited,,,,,
,Manville,Borough,Somerset,not_visited,,,,,
,Lincoln Park,Borough,Morris,not_visited,,,,,
,Beachwood,Borough,Ocean,not_visited,,,,,
,Wantage Township,Township,Sussex,not_visited,,,,,
,Pine Hill,Borough,Camden,not_visited,,,,,
,Somers Point,City,Atlantic,not_visited,,,,,
,Waterford Township,Township,Camden,not_visited,,,,,
,Millstone Township,Township,Monmouth,not_visited,,,,,
,Southampton,Township,Burlington,not_visited,,,,,
,Hackettstown,Town,Warren,not_visited,,,,,
,Hillsdale,Borough,Bergen,not_visited,,,,,
,Wood-Ridge,Borough,Bergen,not_visited,,,,,
,Maywood,Borough,Bergen,not_visited,,,,,
,Waldwick,Borough,Bergen,not_visited,,,,,
,East Rutherford,Borough,Bergen,not_visited,,,,,
,Mount Holly,Township,Burlington,not_visited,,,,,
,Kinnelon,Borough,Morris,not_visited,,,,,
,Woodbury,City,Gloucester,not_visited,,,,,
,Colts Neck,Township,Monmouth,not_visited,,,,,
,River Vale,Township,Bergen,not_visited,,,,,
,Keansburg,Borough,Monmouth,not_visited,,,,,
,Burlington City,City,Burlington,not_visited,,,,,
,Matawan,Borough,Monmouth,not_visited,,,,,
,Chesterfield,Township,Burlington,not_visited,,,,,
,South Amboy,City,Middlesex,not_visited,,,,,
,Leonia,Borough,Bergen,not_visited,,,,,
,Washington Township,Township,Bergen,not_visited,,,,,
,Chatham Borough,Borough,Morris,not_visited,,,,,
,Ventnor City,City,Atlantic,not_visited,,,,,
,Cresskill,Borough,Bergen,not_visited,,,,,
,Absecon,City,Atlantic,not_visited,,,,,
,Westampton,Township,Burlington,not_visited,,,,,
,Haledon,Borough,Passaic,not_visited,,,,,
,Caldwell,Borough,Essex,not_visited,,,,,
,Edgewater Park,Township,Burlington,not_visited,,,,,
,North Haledon,Borough,Passaic,not_visited,,,,,
,Mansfield Township,Township,Burlington,not_visited,,,,,
,Park Ridge,Borough,Bergen,not_visited,,,,,
,Ocean Township,Township,Ocean,not_visited,,,,,
,Boonton Town,Town,Morris,not_visited,,,,,
,Clayton,Borough,Gloucester,not_visited,,,,,
,Pitman,Borough,Gloucester,not_visited,,,,,
,Bogota,Borough,Bergen,not_visited,,,,,
,Pittsgrove,Township,Salem,not_visited,,,,,
,Lopatcong,Township,Warren,not_visited,,,,,
,Audubon,Borough,Camden,not_visited,,,,,
,Carneys Point,Township,Salem,not_visited,,,,,
,Long Hill,Township,Morris,not_visited,,,,,
,Closter,Borough,Bergen,not_visited,,,,,
,West Long Branch,Borough,Monmouth,not_visited,,,,,
,Montvale,Borough,Bergen,not_visited,,,,,
,Northfield,City,Atlantic,not_visited,,,,,
,Kenilworth,Borough,Union,not_visited,,,,,
,Newton,Town,Sussex,not_visited,,,,,
,Upper Saddle River,Borough,Bergen,not_visited,,,,,
,Runnemede,Borough,Camden,not_visited,,,,,
,Bedminster,Township,Somerset,not_visited,,,,,
,Oradell,Borough,Bergen,not_visited,,,,,
,Spotswood,Borough,Middlesex,not_visited,,,,,
,Hardyston,Township,Sussex,not_visited,,,,,
,Plumsted,Township,Ocean,not_visited,,,,,
,Butler,Borough,Morris,not_visited,,,,,
,Byram Township,Township,Sussex,not_visited,,,,,
,Riverside,Township,Burlington,not_visited,,,,,
,North Hanover Township,Township,Burlington,not_visited,,,,,
,Bernardsville,Borough,Somerset,not_visited,,,,,
,Fairfield,Township,Essex,not_visited,,,,,
,Raritan,Borough,Somerset,not_visited,,,,,
,Glen Ridge,Borough,Essex,not_visited,,,,,
,Mansfield Township,Township,Warren,not_visited,,,,,
,Bloomingdale,Borough,Passaic,not_visited,,,,,
,Fanwood,Borough,Union,not_visited,,,,,
,Brigantine,City,Atlantic,not_visited,,,,,
,Chester Township,Township,Morris,not_visited,,,,,
,Upper Deerfield Township,Township,Cumberland,not_visited,,,,,
,Dunellen,Borough,Middlesex,not_visited,,,,,
,Haddon Heights,Borough,Camden,not_visited,,,,,
,Berlin Borough,Borough,Camden,not_visited,,,,,
,Palmyra,Borough,Burlington,not_visited,,,,,
,Rumson,Borough,Monmouth,not_visited,,,,,
,Washington Borough,Borough,Warren,not_visited,,,,,
,Emerson,Borough,Bergen,not_visited,,,,,
,Green Brook Township,Township,Somerset,not_visited,,,,,
,Upper Freehold,Township,Monmouth,not_visited,,,,,
,Wharton,Borough,Morris,not_visited,,,,,
,Keyport,Borough,Monmouth,not_visited,,,,,
,Barrington,Borough,Camden,not_visited,,,,,
,Milltown,Borough,Middlesex,not_visited,,,,,
,Buena Vista Township,Township,Atlantic,not_visited,,,,,
,Mountainside,Borough,Union,not_visited,,,,,
,Midland Park,Borough,Bergen,not_visited,,,,,
,Stratford,Borough,Camden,not_visited,,,,,
,Linwood,City,Atlantic,not_visited,,,,,
,Allendale,Borough,Bergen,not_visited,,,,,
,Tabernacle,Township,Burlington,not_visited,,,,,
,North Caldwell,Borough,Essex,not_visited,,,,,
,Rockaway Borough,Borough,Morris,not_visited,,,,,
,Union Township,Township,Hunterdon,not_visited,,,,,
,Washington Township,Township,Warren,not_visited,,,,,
,Shamong,Township,Burlington,not_visited,,,,,
,Watchung,Borough,Somerset,not_visited,,,,,
,Carlstadt,Borough,Bergen,not_visited,,,,,
,Prospect Park,Borough,Passaic,not_visited,,,,,
,New Hanover Township,Township,Burlington,not_visited,,,,,
,Roseland,Borough,Essex,not_visited,,,,,
,Dennis Township,Township,Cape May,not_visited,,,,,
,Fair Haven,Borough,Monmouth,not_visited,,,,,
,Maurice River Township,Township,Cumberland,not_visited,,,,,
,Paulsboro,Borough,Gloucester,not_visited,,,,,
,Lebanon Township,Township,Hunterdon,not_visited,,,,,
,Eastampton,Township,Burlington,not_visited,,,,,
,Morris Plains,Borough,Morris,not_visited,,,,,
,Oceanport,Borough,Monmouth,not_visited,,,,,
,Little Silver,Borough,Monmouth,not_visited,,,,,
,Woodcliff Lake,Borough,Bergen,not_visited,,,,,
,Hainesport,Township,Burlington,not_visited,,,,,
,Mendham Township,Township,Morris,not_visited,,,,,
,Logan Township,Township,Gloucester,not_visited,,,,,
,Andover Township,Township,Sussex,not_visited,,,,,
,Manasquan,Borough,Monmouth,not_visited,,,,,
,Mount Arlington,Borough,Morris,not_visited,,,,,
,Belmar,Borough,Monmouth,not_visited,,,,,
,Hightstown,Borough,Mercer,not_visited,,,,,
,Old Tappan,Borough,Bergen,not_visited,,,,,
,Tewksbury,Township,Hunterdon,not_visited,,,,,
,Berlin Township,Township,Camden,not_visited,,,,,
,Mullica Township,Township,Atlantic,not_visited,,,,,
,Rochelle Park,Township,Bergen,not_visited,,,,,
,Jamesburg,Borough,Middlesex,not_visited,,,,,
,Union Beach,Borough,Monmouth,not_visited,,,,,
,Blairstown,Township,Warren,not_visited,,,,,
,Norwood,Borough,Bergen,not_visited,,,,,
,Somerdale,Borough,Camden,not_visited,,,,,
,Fairfield Township,Township,Cumberland,not_visited,,,,,
,Greenwich Township,Township,Warren,not_visited,,,,,
,Independence Township,Township,Warren,not_visited,,,,,
,Englewood Cliffs,Borough,Bergen,not_visited,,,,,
,Clementon,Borough,Camden,not_visited,,,,,
,Allamuchy Township,Township,Warren,not_visited,,,,,
,Margate City,City,Atlantic,not_visited,,,,,
,Frankford,Township,Sussex,not_visited,,,,,
,Salem,City,Salem,not_visited,,,,,
,Holland Township,Township,Hunterdon,not_visited,,,,,
,Wildwood,City,Cape May,not_visited,,,,,
,Brielle,Borough,Monmouth,not_visited,,,,,
,Demarest,Borough,Bergen,not_visited,,,,,
,Mendham Borough,Borough,Morris,not_visited,,,,,
,Greenwich Township,Township,Gloucester,not_visited,,,,,
,Franklin Borough,Borough,Sussex,not_visited,,,,,
,Hampton Township,Township,Sussex,not_visited,,,,,
,Spring Lake Heights,Borough,Monmouth,not_visited,,,,,
,Flemington,Borough,Hunterdon,not_visited,,,,,
,South Bound Brook,Borough,Somerset,not_visited,,,,,
,Penns Grove,Borough,Salem,not_visited,,,,,
,Delanco,Township,Burlington,not_visited,,,,,
,Alexandria,Township,Hunterdon,not_visited,,,,,
,Point Pleasant Beach,Borough,Ocean,not_visited,,,,,
,Northvale,Borough,Bergen,not_visited,,,,,
,Harrington Park,Borough,Bergen,not_visited,,,,,
,Commercial Township,Township,Cumberland,not_visited,,,,,
,Mount Ephraim,Borough,Camden,not_visited,,,,,
,Neptune City,Borough,Monmouth,not_visited,,,,,
,Highlands,Borough,Monmouth,not_visited,,,,,
,White,Township,Warren,not_visited,,,,,
,Delaware Township,Township,Hunterdon,not_visited,,,,,
,Buena,Borough,Atlantic,not_visited,,,,,
,Mountain Lakes,Borough,Morris,not_visited,,,,,
,Garwood,Borough,Union,not_visited,,,,,
,Elk Township,Township,Gloucester,not_visited,,,,,
,Atlantic Highlands,Borough,Monmouth,not_visited,,,,,
,Egg Harbor City,City,Atlantic,not_visited,,,,,
,Hopewell Township,Township,Cumberland,not_visited,,,,,
,Boonton Township,Township,Morris,not_visited,,,,,
,Magnolia,Borough,Camden,not_visited,,,,,
,Bradley Beach,Borough,Monmouth,not_visited,,,,,
,Medford Lakes,Borough,Burlington,not_visited,,,,,
,Westville,Borough,Gloucester,not_visited,,,,,
,Ho-Ho-Kus,Borough,Bergen,not_visited,,,,,
,Shrewsbury Borough,Borough,Monmouth,not_visited,,,,,
,Pilesgrove,Township,Salem,not_visited,,,,,
,Lambertville,City,Hunterdon,not_visited,,,,,
,Riverdale,Borough,Morris,not_visited,,,,,
,Mine Hill,Township,Morris,not_visited,,,,,
,Stillwater Township,Township,Sussex,not_visited,,,,,
,Bordentown City,City,Burlington,not_visited,,,,,
,Oaklyn,Borough,Camden,not_visited,,,,,
,East Amwell Township,Township,Hunterdon,not_visited,,,,,
,Harding,Township,Morris,not_visited,,,,,
,Cranbury,Township,Middlesex,not_visited,,,,,
,Merchantville,Borough,Camden,not_visited,,,,,
,Kingwood,Township,Hunterdon,not_visited,,,,,
,Montague,Township,Sussex,not_visited,,,,,
,Bethlehem Township,Township,Hunterdon,not_visited,,,,,
,Woodstown,Borough,Salem,not_visited,,,,,
,South Toms River,Borough,Ocean,not_visited,,,,,
,Green Township,Township,Sussex,not_visited,,,,,
,North Wildwood,City,Cape May,not_visited,,,,,
,Tuckerton,Borough,Ocean,not_visited,,,,,
,High Bridge,Borough,Hunterdon,not_visited,,,,,
,Stanhope,Borough,Sussex,not_visited,,,,,
,Upper Pittsgrove,Township,Salem,not_visited,,,,,
,South Harrison Township,Township,Gloucester,not_visited,,,,,
,Netcong,Borough,Morris,not_visited,,,,,
,Saddle River,Borough,Bergen,not_visited,,,,,
,Haworth,Borough,Bergen,not_visited,,,,,
,Alloway Township,Township,Salem,not_visited,,,,,
,Franklin Township,Township,Hunterdon,not_visited,,,,,
,Hamburg,Borough,Sussex,not_visited,,,,,
,Springfield,Township,Burlington,not_visited,,,,,
,Pohatcong,Township,Warren,not_visited,,,,,
,Fredon Township,Township,Sussex,not_visited,,,,,
,Monmouth Beach,Borough,Monmouth,not_visited,,,,,
,Long Beach Township,Township,Ocean,not_visited,,,,,
,Deerfield Township,Township,Cumberland,not_visited,,,,,
,Moonachie,Borough,Bergen,not_visited,,,,,
,Wildwood Crest,Borough,Cape May,not_visited,,,,,
,Woodbury Heights,Borough,Gloucester,not_visited,,,,,
,Lawrence Township,Township,Cumberland,not_visited,,,,,
,National Park,Borough,Gloucester,not_visited,,,,,
,West Amwell Township,Township,Hunterdon,not_visited,,,,,
,Franklin Township,Township,Warren,not_visited,,,,,
,Lawnside,Borough,Camden,not_visited,,,,,
,Woodlynne,Borough,Camden,not_visited,,,,,
,Knowlton Township,Township,Warren,not_visited,,,,,
,Pennington,Borough,Mercer,not_visited,,,,,
,Spring Lake,Borough,Monmouth,not_visited,,,,,
,Clinton Town,Town,Hunterdon,not_visited,,,,,
,Cape May,City,Cape May,not_visited,,,,,
,Riverton,Borough,Burlington,not_visited,,,,,
,Swedesboro,Borough,Gloucester,not_visited,,,,,
,South Hackensack,Township,Bergen,not_visited,,,,,
,Liberty,Township,Warren,not_visited,,,,,
,Lakehurst,Borough,Ocean,not_visited,,,,,
,Weymouth Township,Township,Atlantic,not_visited,,,,,
,East Newark,Borough,Hudson,not_visited,,,,,
,Quinton Township,Township,Salem,not_visited,,,,,
,Peapack and Gladstone,Borough,Somerset,not_visited,,,,,
,Belvidere,Town,Warren,not_visited,,,,,
,Harmony Township,Township,Warren,not_visited,,,,,
,Beverly,City,Burlington,not_visited,,,,,
,Helmetta,Borough,Middlesex,not_visited,,,,,
,Oxford Township,Township,Warren,not_visited,,,,,
,Seaside Heights,Borough,Ocean,not_visited,,,,,
,Lafayette Township,Township,Sussex,not_visited,,,,,
,Englishtown,Borough,Monmouth,not_visited,,,,,
,Alpha,Borough,Warren,not_visited,,,,,
,Wenonah,Borough,Gloucester,not_visited,,,,,
,Ogdensburg,Borough,Sussex,not_visited,,,,,
,Essex Fells,Borough,Essex,not_visited,,,,,
,Frelinghuysen Township,Township,Warren,not_visited,,,,,
,Gibbsboro,Borough,Camden,not_visited,,,,,
,Pine Beach,Borough,Ocean,not_visited,,,,,
,Woodbine,Borough,Cape May,not_visited,,,,,
,Sea Isle City,City,Cape May,not_visited,,,,,
,Sussex,Borough,Sussex,not_visited,,,,,
,Laurel Springs,Borough,Camden,not_visited,,,,,
,Sandyston,Township,Sussex,not_visited,,,,,
,Avon-by-the-Sea,Borough,Monmouth,not_visited,,,,,
,Ocean Gate,Borough,Ocean,not_visited,,,,,
,Hopewell Borough,Borough,Mercer,not_visited,,,,,
,Oldmans Township,Township,Salem,not_visited,,,,,
,Sea Girt,Borough,Monmouth,not_visited,,,,,
,Hope Township,Township,Warren,not_visited,,,,,
,Brooklawn,Borough,Camden,not_visited,,,,,
,Folsom,Borough,Atlantic,not_visited,,,,,
,Lavallette,Borough,Ocean,not_visited,,,,,
,Newfield,Borough,Gloucester,not_visited,,,,,
,Alpine,Borough,Bergen,not_visited,,,,,
,Allentown,Borough,Monmouth,not_visited,,,,,
,Eagleswood Township,Township,Ocean,not_visited,,,,,
,Lower Alloways Creek,Township,Salem,not_visited,,,,,
,Lake Como,Borough,Monmouth,not_visited,,,,,
,Glen Gardner,Borough,Hunterdon,not_visited,,,,,
,Chester Borough,Borough,Morris,not_visited,,,,,
,Estell Manor,City,Atlantic,not_visited,,,,,
,Lebanon Borough,Borough,Hunterdon,not_visited,,,,,
,Island Heights,Borough,Ocean,not_visited,,,,,
,Hardwick Township,Township,Warren,not_visited,,,,,
,Victory Gardens,Borough,Morris,not_visited,,,,,
,Woodland Township,Township,Burlington,not_visited,,,,,
,Chesilhurst,Borough,Camden,not_visited,,,,,
,Farmingdale,Borough,Monmouth,not_visited,,,,,
,Mannington Township,Township,Salem,not_visited,,,,,
,Sea Bright,Borough,Monmouth,not_visited,,,,,
,Hampton Borough,Borough,Hunterdon,not_visited,,,,,
,Seaside Park,Borough,Ocean,not_visited,,,,,
,Winfield,Township,Union,not_visited,,,,,
,Downe Township,Township,Cumberland,not_visited,,,,,
,Pemberton Borough,Borough,Burlington,not_visited,,,,,
,Frenchtown,Borough,Hunterdon,not_visited,,,,,
,Bass River Township,Township,Burlington,not_visited,,,,,
,Elmer,Borough,Salem,not_visited,,,,,
,Stow Creek Township,Township,Cumberland,not_visited,,,,,
,Avalon,Borough,Cape May,not_visited,,,,,
,Surf City,Borough,Ocean,not_visited,,,,,
,Milford,Borough,Hunterdon,not_visited,,,,,
,Port Republic,City,Atlantic,not_visited,,,,,
,Ship Bottom,Borough,Ocean,not_visited,,,,,
,Shrewsbury Township,Township,Monmouth,not_visited,,,,,
,Beach Haven,Borough,Ocean,not_visited,,,,,
,West Cape May,Borough,Cape May,not_visited,,,,,
,Califon,Borough,Hunterdon,not_visited,,,,,
,Elsinboro,Township,Salem,not_visited,,,,,
,Audubon Park,Borough,Camden,not_visited,,,,,
,Bay Head,Borough,Ocean,not_visited,,,,,
,Hi-Nella,Borough,Camden,not_visited,,,,,
,Far Hills,Borough,Somerset,not_visited,,,,,
,Deal,Borough,Monmouth,not_visited,,,,,
,Longport,Borough,Atlantic,not_visited,,,,,
,Interlaken,Borough,Monmouth,not_visited,,,,,
,Roosevelt,Borough,Monmouth,not_visited,,,,,
,Stone Harbor,Borough,Cape May,not_visited,,,,,
,Bloomsbury,Borough,Hunterdon,not_visited,,,,,
,Branchville,Borough,Sussex,not_visited,,,,,
,Greenwich Township,Township,Cumberland,not_visited,,,,,
,Rocky Hill,Borough,Somerset,not_visited,,,,,
,Wrightstown,Borough,Burlington,not_visited,,,,,
,Washington Township,Township,Burlington,not_visited,,,,,
,Barnegat Light,Borough,Ocean,not_visited,,,,,
,Andover Borough,Borough,Sussex,not_visited,,,,,
,West Wildwood,Borough,Cape May,not_visited,,,,,
,Fieldsboro,Borough,Burlington,not_visited,,,,,
,Stockton,Borough,Hunterdon,not_visited,,,,,
,Allenhurst,Borough,Monmouth,not_visited,,,,,
,Corbin City,City,Atlantic,not_visited,,,,,
,Millstone Borough,Borough,Somerset,not_visited,,,,,
,Shiloh,Borough,Cumberland,not_visited,,,,,
,Rockleigh,Borough,Bergen,not_visited,,,,,
,Harvey Cedars,Borough,Ocean,not_visited,,,,,
,Mantoloking,Borough,Ocean,not_visited,,,,,
,Cape May Point,Borough,Cape May,not_visited,,,,,
,Loch Arbour,Village,Monmouth,not_visited,,,,,
,Teterboro,Borough,Bergen,not_visited,,,,,
,Tavistock,Borough,Camden,not_visited,,,,,
,Walpack Township,Township,Sussex,not_visited,,,,,
